ID,Treatment,Day_Pupation
1,Conventionally Reared,11
2,Conventionally Reared,11
3,Conventionally Reared,11
4,Conventionally Reared,12
5,Conventionally Reared,12
6,Conventionally Reared,12
7,Conventionally Reared,12
8,Conventionally Reared,12
9,Conventionally Reared,12
10,Conventionally Reared,12
11,Conventionally Reared,12
12,Conventionally Reared,12
13,Conventionally Reared,12
14,Conventionally Reared,12
15,Conventionally Reared,12
16,Conventionally Reared,12
17,Conventionally Reared,12
18,Conventionally Reared,12
19,Conventionally Reared,12
20,Conventionally Reared,12
21,Conventionally Reared,12
22,Conventionally Reared,12
23,Conventionally Reared,12
24,Conventionally Reared,12
25,Conventionally Reared,13
26,Conventionally Reared,13
27,Conventionally Reared,13
28,Conventionally Reared,13
29,Conventionally Reared,13
30,Conventionally Reared,13
31,Conventionally Reared,13
32,Conventionally Reared,13
33,Conventionally Reared,13
34,Conventionally Reared,13
35,Conventionally Reared,13
36,Conventionally Reared,13
37,Conventionally Reared,13
38,Conventionally Reared,13
39,Conventionally Reared,13
40,Conventionally Reared,13
41,Conventionally Reared,13
42,Conventionally Reared,13
43,Conventionally Reared,13
44,Conventionally Reared,13
45,Conventionally Reared,13
46,Conventionally Reared,13
47,Conventionally Reared,13
48,Conventionally Reared,13
49,Conventionally Reared,13
50,Conventionally Reared,13
51,Conventionally Reared,13
52,Conventionally Reared,13
53,Conventionally Reared,13
54,Conventionally Reared,13
55,Conventionally Reared,13
56,Conventionally Reared,13
57,Conventionally Reared,13
58,Conventionally Reared,13
59,Conventionally Reared,13
60,Conventionally Reared,13
61,Conventionally Reared,13
62,Conventionally Reared,13
63,Conventionally Reared,13
64,Conventionally Reared,13
65,Conventionally Reared,13
66,Conventionally Reared,13
67,Conventionally Reared,14
68,Conventionally Reared,14
69,Conventionally Reared,14
70,Conventionally Reared,14
71,Conventionally Reared,14
72,Conventionally Reared,14
73,Conventionally Reared,14
74,Conventionally Reared,14
75,Conventionally Reared,14
76,Conventionally Reared,14
77,Conventionally Reared,14
78,Conventionally Reared,14
79,Conventionally Reared,14
80,Conventionally Reared,14
81,Conventionally Reared,14
82,Conventionally Reared,14
83,Conventionally Reared,14
84,Conventionally Reared,14
85,Conventionally Reared,14
86,Conventionally Reared,14
87,Conventionally Reared,14
88,Conventionally Reared,14
89,Conventionally Reared,14
90,Conventionally Reared,14
91,Conventionally Reared,14
92,Conventionally Reared,14
93,Conventionally Reared,14
94,Conventionally Reared,14
95,Conventionally Reared,14
96,Conventionally Reared,14
97,Conventionally Reared,15
98,Conventionally Reared,15
99,Conventionally Reared,15
100,Conventionally Reared,15
101,Conventionally Reared,15
102,Conventionally Reared,15
103,Conventionally Reared,15
104,Conventionally Reared,15
105,Conventionally Reared,15
106,Conventionally Reared,15
107,Conventionally Reared,15
108,Conventionally Reared,15
109,Conventionally Reared,15
110,Conventionally Reared,15
111,Conventionally Reared,15
112,Conventionally Reared,15
113,Conventionally Reared,15
114,Conventionally Reared,15
115,Conventionally Reared,15
116,Conventionally Reared,16
117,Conventionally Reared,16
118,Conventionally Reared,16
119,Conventionally Reared,16
120,Conventionally Reared,16
121,Conventionally Reared,16
122,Conventionally Reared,16
123,Conventionally Reared,16
124,Conventionally Reared,16
125,Conventionally Reared,16
126,Conventionally Reared,16
127,Conventionally Reared,16
128,Conventionally Reared,16
129,Conventionally Reared,17
130,Conventionally Reared,17
131,Conventionally Reared,17
132,Conventionally Reared,17
133,Conventionally Reared,17
134,Conventionally Reared,17
135,Conventionally Reared,18
136,Conventionally Reared,18
137,Conventionally Reared,19
138,Conventionally Reared,19
139,Conventionally Reared,19
140,Conventionally Reared,19
141,Conventionally Reared,19
142,Conventionally Reared,21
143,Conventionally Reared,21
151,Conventionally Reared,11
152,Conventionally Reared,11
153,Conventionally Reared,11
154,Conventionally Reared,11
155,Conventionally Reared,11
156,Conventionally Reared,11
157,Conventionally Reared,11
158,Conventionally Reared,12
159,Conventionally Reared,12
160,Conventionally Reared,12
161,Conventionally Reared,12
162,Conventionally Reared,12
163,Conventionally Reared,12
164,Conventionally Reared,12
165,Conventionally Reared,12
166,Conventionally Reared,12
167,Conventionally Reared,12
168,Conventionally Reared,12
169,Conventionally Reared,12
170,Conventionally Reared,12
171,Conventionally Reared,12
172,Conventionally Reared,12
173,Conventionally Reared,12
174,Conventionally Reared,12
175,Conventionally Reared,12
176,Conventionally Reared,12
177,Conventionally Reared,13
178,Conventionally Reared,13
179,Conventionally Reared,13
180,Conventionally Reared,13
181,Conventionally Reared,13
182,Conventionally Reared,13
183,Conventionally Reared,13
184,Conventionally Reared,13
185,Conventionally Reared,13
186,Conventionally Reared,13
187,Conventionally Reared,13
188,Conventionally Reared,13
189,Conventionally Reared,13
190,Conventionally Reared,13
191,Conventionally Reared,13
192,Conventionally Reared,13
193,Conventionally Reared,13
194,Conventionally Reared,13
195,Conventionally Reared,13
196,Conventionally Reared,13
197,Conventionally Reared,13
198,Conventionally Reared,13
199,Conventionally Reared,13
200,Conventionally Reared,13
201,Conventionally Reared,13
202,Conventionally Reared,13
203,Conventionally Reared,13
204,Conventionally Reared,13
205,Conventionally Reared,13
206,Conventionally Reared,13
207,Conventionally Reared,13
208,Conventionally Reared,13
209,Conventionally Reared,13
210,Conventionally Reared,13
211,Conventionally Reared,13
212,Conventionally Reared,13
213,Conventionally Reared,13
214,Conventionally Reared,13
215,Conventionally Reared,13
216,Conventionally Reared,13
217,Conventionally Reared,14
218,Conventionally Reared,14
219,Conventionally Reared,14
220,Conventionally Reared,14
221,Conventionally Reared,14
222,Conventionally Reared,14
223,Conventionally Reared,14
224,Conventionally Reared,14
225,Conventionally Reared,14
226,Conventionally Reared,14
227,Conventionally Reared,14
228,Conventionally Reared,14
229,Conventionally Reared,14
230,Conventionally Reared,14
231,Conventionally Reared,14
232,Conventionally Reared,14
233,Conventionally Reared,14
234,Conventionally Reared,14
235,Conventionally Reared,14
236,Conventionally Reared,14
237,Conventionally Reared,14
238,Conventionally Reared,14
239,Conventionally Reared,14
240,Conventionally Reared,14
241,Conventionally Reared,14
242,Conventionally Reared,15
243,Conventionally Reared,15
244,Conventionally Reared,15
245,Conventionally Reared,15
246,Conventionally Reared,15
247,Conventionally Reared,15
248,Conventionally Reared,15
249,Conventionally Reared,15
250,Conventionally Reared,15
251,Conventionally Reared,15
252,Conventionally Reared,15
253,Conventionally Reared,15
254,Conventionally Reared,15
255,Conventionally Reared,15
256,Conventionally Reared,15
257,Conventionally Reared,15
258,Conventionally Reared,15
259,Conventionally Reared,15
260,Conventionally Reared,15
261,Conventionally Reared,15
262,Conventionally Reared,15
263,Conventionally Reared,15
264,Conventionally Reared,15
265,Conventionally Reared,15
266,Conventionally Reared,15
267,Conventionally Reared,15
268,Conventionally Reared,15
269,Conventionally Reared,16
270,Conventionally Reared,16
271,Conventionally Reared,16
272,Conventionally Reared,16
273,Conventionally Reared,16
274,Conventionally Reared,16
275,Conventionally Reared,16
276,Conventionally Reared,16
277,Conventionally Reared,17
278,Conventionally Reared,17
279,Conventionally Reared,17
280,Conventionally Reared,17
281,Conventionally Reared,17
282,Conventionally Reared,18
283,Conventionally Reared,18
284,Conventionally Reared,18
285,Conventionally Reared,18
286,Conventionally Reared,18
287,Conventionally Reared,18
288,Conventionally Reared,18
289,Conventionally Reared,18
290,Conventionally Reared,19
291,Conventionally Reared,19
292,Conventionally Reared,19
293,Conventionally Reared,19
294,Conventionally Reared,19
295,Conventionally Reared,20
296,Conventionally Reared,21
297,Conventionally Reared,21
298,Conventionally Reared,21
299,Conventionally Reared,22
300,Conventionally Reared,22
301,Conventionally Reared,22
302,Conventionally Reared,11
303,Conventionally Reared,11
304,Conventionally Reared,11
305,Conventionally Reared,11
306,Conventionally Reared,11
307,Conventionally Reared,11
308,Conventionally Reared,12
309,Conventionally Reared,12
310,Conventionally Reared,12
311,Conventionally Reared,12
312,Conventionally Reared,12
313,Conventionally Reared,12
314,Conventionally Reared,12
315,Conventionally Reared,12
316,Conventionally Reared,12
317,Conventionally Reared,12
318,Conventionally Reared,12
319,Conventionally Reared,12
320,Conventionally Reared,12
321,Conventionally Reared,12
322,Conventionally Reared,12
323,Conventionally Reared,12
324,Conventionally Reared,12
325,Conventionally Reared,13
326,Conventionally Reared,13
327,Conventionally Reared,13
328,Conventionally Reared,13
329,Conventionally Reared,13
330,Conventionally Reared,13
331,Conventionally Reared,13
332,Conventionally Reared,13
333,Conventionally Reared,13
334,Conventionally Reared,13
335,Conventionally Reared,13
336,Conventionally Reared,13
337,Conventionally Reared,13
338,Conventionally Reared,13
339,Conventionally Reared,13
340,Conventionally Reared,13
341,Conventionally Reared,13
342,Conventionally Reared,13
343,Conventionally Reared,13
344,Conventionally Reared,13
345,Conventionally Reared,13
346,Conventionally Reared,13
347,Conventionally Reared,13
348,Conventionally Reared,13
349,Conventionally Reared,13
350,Conventionally Reared,13
351,Conventionally Reared,13
352,Conventionally Reared,13
353,Conventionally Reared,13
354,Conventionally Reared,13
355,Conventionally Reared,13
356,Conventionally Reared,13
357,Conventionally Reared,13
358,Conventionally Reared,13
359,Conventionally Reared,13
360,Conventionally Reared,13
361,Conventionally Reared,13
362,Conventionally Reared,13
363,Conventionally Reared,13
364,Conventionally Reared,14
365,Conventionally Reared,14
366,Conventionally Reared,14
367,Conventionally Reared,14
368,Conventionally Reared,14
369,Conventionally Reared,14
370,Conventionally Reared,14
371,Conventionally Reared,14
372,Conventionally Reared,14
373,Conventionally Reared,14
374,Conventionally Reared,14
375,Conventionally Reared,14
376,Conventionally Reared,14
377,Conventionally Reared,14
378,Conventionally Reared,14
379,Conventionally Reared,14
380,Conventionally Reared,14
381,Conventionally Reared,14
382,Conventionally Reared,14
383,Conventionally Reared,14
384,Conventionally Reared,14
385,Conventionally Reared,14
386,Conventionally Reared,14
387,Conventionally Reared,14
388,Conventionally Reared,14
389,Conventionally Reared,14
390,Conventionally Reared,14
391,Conventionally Reared,14
392,Conventionally Reared,15
393,Conventionally Reared,15
394,Conventionally Reared,15
395,Conventionally Reared,15
396,Conventionally Reared,15
397,Conventionally Reared,15
398,Conventionally Reared,15
399,Conventionally Reared,15
400,Conventionally Reared,15
401,Conventionally Reared,15
402,Conventionally Reared,15
403,Conventionally Reared,15
404,Conventionally Reared,15
405,Conventionally Reared,15
406,Conventionally Reared,15
407,Conventionally Reared,15
408,Conventionally Reared,15
409,Conventionally Reared,15
410,Conventionally Reared,15
411,Conventionally Reared,15
412,Conventionally Reared,15
413,Conventionally Reared,15
414,Conventionally Reared,15
415,Conventionally Reared,16
416,Conventionally Reared,16
417,Conventionally Reared,16
418,Conventionally Reared,16
419,Conventionally Reared,17
420,Conventionally Reared,17
421,Conventionally Reared,17
422,Conventionally Reared,17
423,Conventionally Reared,17
424,Conventionally Reared,17
425,Conventionally Reared,17
426,Conventionally Reared,17
427,Conventionally Reared,17
428,Conventionally Reared,18
429,Conventionally Reared,18
430,Conventionally Reared,18
431,Conventionally Reared,18
432,Conventionally Reared,18
433,Conventionally Reared,19
434,Conventionally Reared,19
435,Conventionally Reared,19
436,Conventionally Reared,19
437,Conventionally Reared,19
438,Conventionally Reared,20
439,Conventionally Reared,20
440,Conventionally Reared,20
441,Conventionally Reared,21
442,Conventionally Reared,21
443,Conventionally Reared,21
444,Conventionally Reared,21
445,Conventionally Reared,22
452,Conventionally Reared,11
453,Conventionally Reared,12
454,Conventionally Reared,12
455,Conventionally Reared,12
456,Conventionally Reared,12
457,Conventionally Reared,12
458,Conventionally Reared,12
459,Conventionally Reared,12
460,Conventionally Reared,12
461,Conventionally Reared,12
462,Conventionally Reared,12
463,Conventionally Reared,12
464,Conventionally Reared,12
465,Conventionally Reared,12
466,Conventionally Reared,13
467,Conventionally Reared,13
468,Conventionally Reared,13
469,Conventionally Reared,13
470,Conventionally Reared,13
471,Conventionally Reared,13
472,Conventionally Reared,13
473,Conventionally Reared,13
474,Conventionally Reared,13
475,Conventionally Reared,13
476,Conventionally Reared,13
477,Conventionally Reared,13
478,Conventionally Reared,13
479,Conventionally Reared,13
480,Conventionally Reared,13
481,Conventionally Reared,13
482,Conventionally Reared,13
483,Conventionally Reared,13
484,Conventionally Reared,13
485,Conventionally Reared,13
486,Conventionally Reared,13
487,Conventionally Reared,13
488,Conventionally Reared,13
489,Conventionally Reared,13
490,Conventionally Reared,13
491,Conventionally Reared,13
492,Conventionally Reared,13
493,Conventionally Reared,13
494,Conventionally Reared,13
495,Conventionally Reared,13
496,Conventionally Reared,13
497,Conventionally Reared,14
498,Conventionally Reared,14
499,Conventionally Reared,14
500,Conventionally Reared,14
501,Conventionally Reared,14
502,Conventionally Reared,14
503,Conventionally Reared,14
504,Conventionally Reared,14
505,Conventionally Reared,14
506,Conventionally Reared,14
507,Conventionally Reared,14
508,Conventionally Reared,14
509,Conventionally Reared,14
510,Conventionally Reared,14
511,Conventionally Reared,14
512,Conventionally Reared,14
513,Conventionally Reared,14
514,Conventionally Reared,14
515,Conventionally Reared,14
516,Conventionally Reared,14
517,Conventionally Reared,14
518,Conventionally Reared,14
519,Conventionally Reared,14
520,Conventionally Reared,14
521,Conventionally Reared,14
522,Conventionally Reared,14
523,Conventionally Reared,14
524,Conventionally Reared,14
525,Conventionally Reared,14
526,Conventionally Reared,14
527,Conventionally Reared,14
528,Conventionally Reared,14
529,Conventionally Reared,14
530,Conventionally Reared,14
531,Conventionally Reared,14
532,Conventionally Reared,14
533,Conventionally Reared,14
534,Conventionally Reared,14
535,Conventionally Reared,15
536,Conventionally Reared,15
537,Conventionally Reared,15
538,Conventionally Reared,15
539,Conventionally Reared,15
540,Conventionally Reared,15
541,Conventionally Reared,15
542,Conventionally Reared,15
543,Conventionally Reared,15
544,Conventionally Reared,15
545,Conventionally Reared,15
546,Conventionally Reared,15
547,Conventionally Reared,15
548,Conventionally Reared,15
549,Conventionally Reared,15
550,Conventionally Reared,15
551,Conventionally Reared,15
552,Conventionally Reared,15
553,Conventionally Reared,15
554,Conventionally Reared,15
555,Conventionally Reared,15
556,Conventionally Reared,15
557,Conventionally Reared,16
558,Conventionally Reared,16
559,Conventionally Reared,16
560,Conventionally Reared,16
561,Conventionally Reared,16
562,Conventionally Reared,16
563,Conventionally Reared,16
564,Conventionally Reared,16
565,Conventionally Reared,16
566,Conventionally Reared,16
567,Conventionally Reared,16
568,Conventionally Reared,16
569,Conventionally Reared,16
570,Conventionally Reared,16
571,Conventionally Reared,17
572,Conventionally Reared,17
573,Conventionally Reared,17
574,Conventionally Reared,17
575,Conventionally Reared,17
576,Conventionally Reared,17
577,Conventionally Reared,17
578,Conventionally Reared,17
579,Conventionally Reared,17
580,Conventionally Reared,18
581,Conventionally Reared,18
582,Conventionally Reared,18
583,Conventionally Reared,18
584,Conventionally Reared,18
585,Conventionally Reared,18
586,Conventionally Reared,18
587,Conventionally Reared,19
588,Conventionally Reared,19
589,Conventionally Reared,19
590,Conventionally Reared,19
591,Conventionally Reared,19
592,Conventionally Reared,20
593,Conventionally Reared,20
594,Conventionally Reared,20
595,Conventionally Reared,20
596,Conventionally Reared,20
597,Conventionally Reared,20
598,Conventionally Reared,20
599,Conventionally Reared,21
600,Conventionally Reared,22
602,Reintroduced Community,14
603,Reintroduced Community,16
604,Reintroduced Community,16
605,Reintroduced Community,19
606,Reintroduced Community,19
607,Reintroduced Community,20
608,Reintroduced Community,21
610,Reintroduced Community,15
611,Reintroduced Community,16
612,Reintroduced Community,16
613,Reintroduced Community,16
614,Reintroduced Community,17
615,Reintroduced Community,17
616,Reintroduced Community,20
617,Reintroduced Community,22
619,Reintroduced Community,16
620,Reintroduced Community,17
621,Reintroduced Community,17
622,Reintroduced Community,20
623,Reintroduced Community,21
624,Reintroduced Community,22
628,Reintroduced Community,15
629,Reintroduced Community,15
630,Reintroduced Community,15
631,Reintroduced Community,15
632,Reintroduced Community,15
633,Reintroduced Community,17
634,Reintroduced Community,19
635,Reintroduced Community,22
639,Reintroduced Community,17
640,Reintroduced Community,17
641,Reintroduced Community,19
642,Reintroduced Community,20
643,Reintroduced Community,21
644,Reintroduced Community,22
645,Reintroduced Community,22
646,Reintroduced Community,22
647,Reintroduced Community,23
649,Reintroduced Community,15
650,Reintroduced Community,15
651,Reintroduced Community,16
652,Reintroduced Community,16
653,Reintroduced Community,20
654,Reintroduced Community,22
655,Reintroduced Community,24
659,Reintroduced Community,16
660,Reintroduced Community,16
661,Reintroduced Community,16
662,Reintroduced Community,17
663,Reintroduced Community,17
664,Reintroduced Community,18
665,Reintroduced Community,19
667,Reintroduced Community,14
668,Reintroduced Community,15
669,Reintroduced Community,16
670,Reintroduced Community,17
671,Reintroduced Community,19
672,Reintroduced Community,24
673,Reintroduced Community,25
676,Reintroduced Community,14
677,Reintroduced Community,15
678,Reintroduced Community,15
679,Reintroduced Community,15
680,Reintroduced Community,15
681,Reintroduced Community,18
682,Reintroduced Community,21
683,Reintroduced Community,22
686,Reintroduced Community,14
687,Reintroduced Community,14
688,Reintroduced Community,15
689,Reintroduced Community,16
690,Reintroduced Community,18
691,Reintroduced Community,19
692,Reintroduced Community,19
693,Reintroduced Community,24
695,Reintroduced Community,15
696,Reintroduced Community,15
697,Reintroduced Community,16
698,Reintroduced Community,16
699,Reintroduced Community,16
700,Reintroduced Community,17
701,Reintroduced Community,20
705,Reintroduced Community,14
706,Reintroduced Community,16
707,Reintroduced Community,18
708,Reintroduced Community,19
709,Reintroduced Community,20
710,Reintroduced Community,20
711,Reintroduced Community,22
712,Reintroduced Community,23
714,Reintroduced Community,16
715,Reintroduced Community,17
716,Reintroduced Community,17
717,Reintroduced Community,18
718,Reintroduced Community,21
719,Reintroduced Community,23
723,Reintroduced Community,15
724,Reintroduced Community,15
725,Reintroduced Community,15
726,Reintroduced Community,17
727,Reintroduced Community,19
728,Reintroduced Community,20
733,Reintroduced Community,17
734,Reintroduced Community,17
735,Reintroduced Community,17
736,Reintroduced Community,18
737,Reintroduced Community,19
738,Reintroduced Community,20
739,Reintroduced Community,20
740,Reintroduced Community,20
743,Reintroduced Community,15
744,Reintroduced Community,16
745,Reintroduced Community,16
746,Reintroduced Community,16
747,Reintroduced Community,17
748,Reintroduced Community,18
749,Reintroduced Community,18
750,Reintroduced Community,19
751,Reintroduced Community,19
752,Reintroduced Community,23
753,Reintroduced Community,24
754,Reintroduced Community,15
755,Reintroduced Community,15
756,Reintroduced Community,16
757,Reintroduced Community,17
758,Reintroduced Community,17
759,Reintroduced Community,20
760,Reintroduced Community,20
761,Reintroduced Community,23
764,Reintroduced Community,15
765,Reintroduced Community,15
766,Reintroduced Community,17
767,Reintroduced Community,18
768,Reintroduced Community,19
769,Reintroduced Community,20
774,Reintroduced Community,15
775,Reintroduced Community,16
776,Reintroduced Community,17
777,Reintroduced Community,17
778,Reintroduced Community,18
779,Reintroduced Community,19
780,Reintroduced Community,20
781,Reintroduced Community,20
782,Reintroduced Community,23
784,Reintroduced Community,15
785,Reintroduced Community,16
786,Reintroduced Community,16
787,Reintroduced Community,16
788,Reintroduced Community,16
789,Reintroduced Community,17
790,Reintroduced Community,19
791,Reintroduced Community,19
792,Reintroduced Community,21
793,Reintroduced Community,21
795,Reintroduced Community,17
796,Reintroduced Community,17
797,Reintroduced Community,18
798,Reintroduced Community,18
799,Reintroduced Community,18
800,Reintroduced Community,20
801,Reintroduced Community,20
802,Reintroduced Community,21
803,Reintroduced Community,24
805,Reintroduced Community,15
806,Reintroduced Community,15
807,Reintroduced Community,15
808,Reintroduced Community,16
809,Reintroduced Community,17
810,Reintroduced Community,20
811,Reintroduced Community,20
812,Reintroduced Community,22
815,Reintroduced Community,15
816,Reintroduced Community,16
817,Reintroduced Community,17
818,Reintroduced Community,18
819,Reintroduced Community,19
823,Reintroduced Community,14
824,Reintroduced Community,14
825,Reintroduced Community,14
826,Reintroduced Community,16
827,Reintroduced Community,17
828,Reintroduced Community,18
829,Reintroduced Community,18
830,Reintroduced Community,20
831,Reintroduced Community,24
832,Reintroduced Community,15
833,Reintroduced Community,16
834,Reintroduced Community,17
835,Reintroduced Community,17
836,Reintroduced Community,17
837,Reintroduced Community,18
838,Reintroduced Community,20
842,Reintroduced Community,15
843,Reintroduced Community,15
844,Reintroduced Community,16
845,Reintroduced Community,16
846,Reintroduced Community,17
847,Reintroduced Community,20
848,Reintroduced Community,22
852,Reintroduced Community,15
853,Reintroduced Community,15
854,Reintroduced Community,15
855,Reintroduced Community,16
856,Reintroduced Community,17
857,Reintroduced Community,21
858,Reintroduced Community,22
861,Reintroduced Community,15
862,Reintroduced Community,15
863,Reintroduced Community,15
864,Reintroduced Community,15
865,Reintroduced Community,16
866,Reintroduced Community,16
867,Reintroduced Community,17
868,Reintroduced Community,18
869,Reintroduced Community,22
871,Reintroduced Community,14
872,Reintroduced Community,14
873,Reintroduced Community,15
874,Reintroduced Community,15
875,Reintroduced Community,15
876,Reintroduced Community,15
877,Reintroduced Community,17
881,Reintroduced Community,15
882,Reintroduced Community,16
883,Reintroduced Community,16
884,Reintroduced Community,20
885,Reintroduced Community,20
889,Reintroduced Community,15
890,Reintroduced Community,15
891,Reintroduced Community,15
892,Reintroduced Community,16
893,Reintroduced Community,16
894,Reintroduced Community,18
895,Reintroduced Community,18
896,Reintroduced Community,19
899,Reintroduced Community,15
900,Reintroduced Community,16
901,Reintroduced Community,16
902,Reintroduced Community,16
903,Reintroduced Community,20
904,Reintroduced Community,20
905,Reintroduced Community,23
908,Reintroduced Community,14
909,Reintroduced Community,15
910,Reintroduced Community,15
911,Reintroduced Community,16
912,Reintroduced Community,17
913,Reintroduced Community,20
914,Reintroduced Community,20
917,Reintroduced Community,15
918,Reintroduced Community,16
919,Reintroduced Community,16
920,Reintroduced Community,17
921,Reintroduced Community,17
922,Reintroduced Community,20
923,Reintroduced Community,21
927,Reintroduced Community,15
928,Reintroduced Community,15
929,Reintroduced Community,16
930,Reintroduced Community,18
931,Reintroduced Community,21
937,Reintroduced Community,15
938,Reintroduced Community,17
939,Reintroduced Community,17
940,Reintroduced Community,18
941,Reintroduced Community,20
942,Reintroduced Community,20
947,Reintroduced Community,16
948,Reintroduced Community,17
949,Reintroduced Community,18
950,Reintroduced Community,20
951,Reintroduced Community,20
956,Reintroduced Community,16
957,Reintroduced Community,16
958,Reintroduced Community,16
959,Reintroduced Community,17
960,Reintroduced Community,20
961,Reintroduced Community,20
962,Reintroduced Community,20
963,Reintroduced Community,21
964,Reintroduced Community,22
966,Reintroduced Community,15
967,Reintroduced Community,15
968,Reintroduced Community,16
969,Reintroduced Community,16
970,Reintroduced Community,18
971,Reintroduced Community,18
973,Reintroduced Community,14
974,Reintroduced Community,15
975,Reintroduced Community,15
976,Reintroduced Community,15
977,Reintroduced Community,15
978,Reintroduced Community,16
979,Reintroduced Community,20
983,Reintroduced Community,16
984,Reintroduced Community,16
985,Reintroduced Community,16
986,Reintroduced Community,17
987,Reintroduced Community,17
988,Reintroduced Community,18
993,Reintroduced Community,13
994,Reintroduced Community,15
995,Reintroduced Community,16
996,Reintroduced Community,17
997,Reintroduced Community,18
998,Reintroduced Community,18
999,Reintroduced Community,20
1000,Reintroduced Community,20
1003,Reintroduced Community,16
1004,Reintroduced Community,17
1005,Reintroduced Community,17
1006,Reintroduced Community,17
1007,Reintroduced Community,18
1008,Reintroduced Community,20
1009,Reintroduced Community,21
1012,Reintroduced Community,15
1013,Reintroduced Community,15
1014,Reintroduced Community,16
1015,Reintroduced Community,17
1016,Reintroduced Community,17
1017,Reintroduced Community,18
1018,Reintroduced Community,20
1022,Reintroduced Community,16
1023,Reintroduced Community,20
1024,Reintroduced Community,20
1025,Reintroduced Community,20
1031,Reintroduced Community,17
1032,Reintroduced Community,17
1033,Reintroduced Community,17
1034,Reintroduced Community,17
1035,Reintroduced Community,18
1039,Reintroduced Community,15
1040,Reintroduced Community,16
1041,Reintroduced Community,16
1042,Reintroduced Community,17
1043,Reintroduced Community,20
1044,Reintroduced Community,22
1047,Reintroduced Community,15
1048,Reintroduced Community,16
1049,Reintroduced Community,17
1050,Reintroduced Community,17
1051,Reintroduced Community,17
1052,Reintroduced Community,20
1053,Reintroduced Community,21
1054,Reintroduced Community,21
1056,Reintroduced Community,13
1057,Reintroduced Community,15
1058,Reintroduced Community,16
1059,Reintroduced Community,16
1060,Reintroduced Community,18
1061,Reintroduced Community,18
1065,Reintroduced Community,15
1066,Reintroduced Community,15
1067,Reintroduced Community,15
1068,Reintroduced Community,16
1069,Reintroduced Community,16
1070,Reintroduced Community,17
1071,Reintroduced Community,17
1075,Reintroduced Community,15
1076,Reintroduced Community,16
1077,Reintroduced Community,17
1078,Reintroduced Community,17
1079,Reintroduced Community,17
1080,Reintroduced Community,18
1085,Reintroduced Community,14
1086,Reintroduced Community,14
1087,Reintroduced Community,15
1088,Reintroduced Community,15
1089,Reintroduced Community,15
1090,Reintroduced Community,16
1091,Reintroduced Community,18
1092,Reintroduced Community,21
1094,Reintroduced Community,15
1095,Reintroduced Community,16
1096,Reintroduced Community,16
1097,Reintroduced Community,17
1098,Reintroduced Community,17
1099,Reintroduced Community,17
1100,Reintroduced Community,18
1101,Reintroduced Community,19
1102,Reintroduced Community,20
1105,Reintroduced Community,14
1106,Reintroduced Community,16
1107,Reintroduced Community,17
1108,Reintroduced Community,17
1109,Reintroduced Community,18
1110,Reintroduced Community,18
1111,Reintroduced Community,21
1115,Reintroduced Community,15
1116,Reintroduced Community,16
1117,Reintroduced Community,16
1118,Reintroduced Community,16
1119,Reintroduced Community,17
1120,Reintroduced Community,18
1121,Reintroduced Community,19
1122,Reintroduced Community,20
1124,Reintroduced Community,15
1125,Reintroduced Community,16
1126,Reintroduced Community,16
1127,Reintroduced Community,16
1128,Reintroduced Community,16
1129,Reintroduced Community,17
1130,Reintroduced Community,20
1131,Reintroduced Community,21
1134,Reintroduced Community,15
1135,Reintroduced Community,15
1136,Reintroduced Community,16
1137,Reintroduced Community,16
1138,Reintroduced Community,17
1139,Reintroduced Community,18
1140,Reintroduced Community,19
1141,Reintroduced Community,21
1142,Reintroduced Community,24
1143,Reintroduced Community,15
1144,Reintroduced Community,16
1145,Reintroduced Community,16
1146,Reintroduced Community,17
1147,Reintroduced Community,18
1148,Reintroduced Community,19
1149,Reintroduced Community,24
1152,Reintroduced Community,13
1153,Reintroduced Community,15
1154,Reintroduced Community,16
1155,Reintroduced Community,16
1156,Reintroduced Community,16
1157,Reintroduced Community,17
1158,Reintroduced Community,21
1161,Reintroduced Community,15
1162,Reintroduced Community,16
1163,Reintroduced Community,16
1164,Reintroduced Community,16
1165,Reintroduced Community,18
1166,Reintroduced Community,18
1167,Reintroduced Community,19
1168,Reintroduced Community,23
1169,Reintroduced Community,23
1171,Reintroduced Community,15
1172,Reintroduced Community,16
1173,Reintroduced Community,16
1174,Reintroduced Community,16
1175,Reintroduced Community,16
1176,Reintroduced Community,17
1177,Reintroduced Community,23
1178,Reintroduced Community,24
1179,Reintroduced Community,25
1181,Reintroduced Community,16
1182,Reintroduced Community,17
1183,Reintroduced Community,17
1184,Reintroduced Community,17
1185,Reintroduced Community,18
1186,Reintroduced Community,19
1187,Reintroduced Community,19
1191,Reintroduced Community,15
1192,Reintroduced Community,15
1193,Reintroduced Community,16
1194,Reintroduced Community,17
1195,Reintroduced Community,17
1196,Reintroduced Community,18
1197,Reintroduced Community,20
1198,Reintroduced Community,21
1199,Reintroduced Community,22
1200,Reintroduced Community,23
1202,Reintroduced Community,15
1203,Reintroduced Community,16
1204,Reintroduced Community,16
1205,Reintroduced Community,17
1206,Reintroduced Community,17
1207,Reintroduced Community,17
1208,Reintroduced Community,18
1209,Reintroduced Community,21
1212,Reintroduced Community,14
1213,Reintroduced Community,15
1214,Reintroduced Community,15
1215,Reintroduced Community,17
1216,Reintroduced Community,17
1217,Reintroduced Community,18
1218,Reintroduced Community,19
1219,Reintroduced Community,21
1220,Reintroduced Community,23
1221,Reintroduced Community,25
1223,Reintroduced Community,16
1224,Reintroduced Community,16
1225,Reintroduced Community,16
1226,Reintroduced Community,16
1227,Reintroduced Community,18
1231,Reintroduced Community,15
1232,Reintroduced Community,16
1233,Reintroduced Community,17
1234,Reintroduced Community,17
1235,Reintroduced Community,18
1236,Reintroduced Community,19
1237,Reintroduced Community,20
1238,Reintroduced Community,21
1239,Reintroduced Community,23
1242,Reintroduced Community,15
1243,Reintroduced Community,15
1244,Reintroduced Community,15
1245,Reintroduced Community,15
1246,Reintroduced Community,16
1247,Reintroduced Community,17
1248,Reintroduced Community,23
1249,Reintroduced Community,24
1252,Reintroduced Community,15
1253,Reintroduced Community,16
1254,Reintroduced Community,16
1255,Reintroduced Community,17
1256,Reintroduced Community,21
1257,Reintroduced Community,21
1260,Reintroduced Community,14
1261,Reintroduced Community,15
1262,Reintroduced Community,15
1263,Reintroduced Community,16
1264,Reintroduced Community,16
1265,Reintroduced Community,17
1266,Reintroduced Community,18
1267,Reintroduced Community,19
1268,Reintroduced Community,21
1270,Reintroduced Community,14
1271,Reintroduced Community,17
1272,Reintroduced Community,17
1273,Reintroduced Community,17
1274,Reintroduced Community,20
1275,Reintroduced Community,21
1276,Reintroduced Community,22
1277,Reintroduced Community,22
1279,Reintroduced Community,15
1280,Reintroduced Community,15
1281,Reintroduced Community,15
1282,Reintroduced Community,15
1283,Reintroduced Community,16
1284,Reintroduced Community,16
1285,Reintroduced Community,17
1286,Reintroduced Community,17
1287,Reintroduced Community,19